# out/assets, made by make -C csrc assets from the 1.7.10 client jar and play's
# hud scene (no Mojang file is committed): NAME, then SOURCE, one of
#   png PATH      the jar's assets/minecraft/PATH decoded to RGBA
#   rgb PATH      the same, RGB
#   scene FILE    a file of the hud scene (out/java/render/hud_mixed)
#   sprite NAME   NAME's 16x16 cut of that scene's block atlas (atlas.json)
armor_chainmail_1.rgba	png textures/models/armor/chainmail_layer_1.png
armor_chainmail_2.rgba	png textures/models/armor/chainmail_layer_2.png
armor_diamond_1.rgba	png textures/models/armor/diamond_layer_1.png
armor_diamond_2.rgba	png textures/models/armor/diamond_layer_2.png
armor_gold_1.rgba	png textures/models/armor/gold_layer_1.png
armor_gold_2.rgba	png textures/models/armor/gold_layer_2.png
armor_iron_1.rgba	png textures/models/armor/iron_layer_1.png
armor_iron_2.rgba	png textures/models/armor/iron_layer_2.png
armor_leather_1.rgba	png textures/models/armor/leather_layer_1.png
armor_leather_1_overlay.rgba	png textures/models/armor/leather_layer_1_overlay.png
armor_leather_2.rgba	png textures/models/armor/leather_layer_2.png
armor_leather_2_overlay.rgba	png textures/models/armor/leather_layer_2_overlay.png
arrow.rgba	png textures/entity/arrow.png
end_sky.rgb	rgb textures/environment/end_sky.png
explosion.rgba	png textures/entity/explosion.png
gui_glint.rgba	png textures/misc/enchanted_item_glint.png
items.rgba	scene state/gui_items.rgba
orb.rgba	png textures/entity/experience_orb.png
particles.rgba	png textures/particle/particles.png
rain.rgba	png textures/environment/rain.png
snow.rgba	png textures/environment/snow.png
mobs/bat.rgba	png textures/entity/bat.png
mobs/blaze.rgba	png textures/entity/blaze.png
mobs/butcher.rgba	png textures/entity/villager/butcher.png
mobs/cave_spider.rgba	png textures/entity/spider/cave_spider.png
mobs/chicken.rgba	png textures/entity/chicken.png
mobs/cow.rgba	png textures/entity/cow/cow.png
mobs/creeper.rgba	png textures/entity/creeper/creeper.png
mobs/creeper_armor.rgba	png textures/entity/creeper/creeper_armor.png
mobs/dragon.rgba	png textures/entity/enderdragon/dragon.png
mobs/dragon_exploding.rgba	png textures/entity/enderdragon/dragon_exploding.png
mobs/dragon_eyes.rgba	png textures/entity/enderdragon/dragon_eyes.png
mobs/endercrystal.rgba	png textures/entity/endercrystal/endercrystal.png
mobs/endercrystal_beam.rgba	png textures/entity/endercrystal/endercrystal_beam.png
mobs/enderman.rgba	png textures/entity/enderman/enderman.png
mobs/enderman_eyes.rgba	png textures/entity/enderman/enderman_eyes.png
mobs/farmer.rgba	png textures/entity/villager/farmer.png
mobs/ghast.rgba	png textures/entity/ghast/ghast.png
mobs/ghast_shooting.rgba	png textures/entity/ghast/ghast_shooting.png
mobs/iron_golem.rgba	png textures/entity/iron_golem.png
mobs/lead_knot.rgba	png textures/entity/lead_knot.png
mobs/librarian.rgba	png textures/entity/villager/librarian.png
mobs/magmacube.rgba	png textures/entity/slime/magmacube.png
mobs/mooshroom.rgba	png textures/entity/cow/mooshroom.png
mobs/mushroom_red.rgba	sprite mushroom_red
mobs/pig.rgba	png textures/entity/pig/pig.png
mobs/pig_saddle.rgba	png textures/entity/pig/pig_saddle.png
mobs/pigman.rgba	png textures/entity/zombie_pigman.png
mobs/priest.rgba	png textures/entity/villager/priest.png
mobs/shadow.rgba	png textures/misc/shadow.png
mobs/sheep.rgba	png textures/entity/sheep/sheep.png
mobs/sheep_fur.rgba	png textures/entity/sheep/sheep_fur.png
mobs/silverfish.rgba	png textures/entity/silverfish.png
mobs/skeleton.rgba	png textures/entity/skeleton/skeleton.png
mobs/slime.rgba	png textures/entity/slime/slime.png
mobs/smith.rgba	png textures/entity/villager/smith.png
mobs/spider.rgba	png textures/entity/spider/spider.png
mobs/spider_eyes.rgba	png textures/entity/spider_eyes.png
mobs/squid.rgba	png textures/entity/squid.png
mobs/steve.rgba	png textures/entity/steve.png
mobs/villager.rgba	png textures/entity/villager/villager.png
mobs/witch.rgba	png textures/entity/witch.png
mobs/wither_skeleton.rgba	png textures/entity/skeleton/wither_skeleton.png
mobs/zombie.rgba	png textures/entity/zombie/zombie.png
mobs/zombie_villager.rgba	png textures/entity/zombie/zombie_villager.png
te/ascii.rgba	png textures/font/ascii.png
te/chest.rgba	png textures/entity/chest/normal.png
te/chest_double.rgba	png textures/entity/chest/normal_double.png
te/enchanting_table_book.rgba	png textures/entity/enchanting_table_book.png
te/end_portal.rgba	png textures/entity/end_portal.png
te/end_sky.rgba	png textures/environment/end_sky.png
te/ender.rgba	png textures/entity/chest/ender.png
te/sign.rgba	png textures/entity/sign.png
te/trapped.rgba	png textures/entity/chest/trapped.png
te/trapped_double.rgba	png textures/entity/chest/trapped_double.png
misc/painting.rgba	png textures/painting/paintings_kristoffer_zetterstrand.png
misc/underwater.rgba	png textures/misc/underwater.png
